le boufese,baseline
la redempo,baseline
l'eotocu,baseline
l'ienruse,baseline
le clyt,baseline
le gnor,baseline
le suvce,baseline
l'ingporel,baseline
la position,activation
la méthode,activation
l'espace,activation
l'intuition,activation
le choix,activation
le jour,activation
le départ,activation
l'intérêt,activation
l'incfol,baseline
l'eftarij,baseline
le brir,baseline
l'augrat,baseline
le phota,baseline
l'ancutuf,baseline
le plol,baseline
le moblano,baseline
l'accord,activation
l'énergie,activation
le coÃ»t,activation
l'honneur,activation
le devoir,activation
l'opinion,activation
la foi,activation
le passage,activation
le masme,baseline
l'anthe,baseline
l'oubeci,baseline
la thoce,baseline
la thoce,baseline
l'autnarus,baseline
le picgoeur,baseline
l'oda,baseline
le malheur,activation
l'année,activation
l'intellect,activation
la pensée,activation
l'attention,activation
l'âme,activation
la grandeur,activation
l'avis,activation
l'eotocu,baseline
l'ingporel,baseline
la redempo,baseline
l'ienruse,baseline
le clyt,baseline
le boufese,baseline
le suvce,baseline
le gnor,baseline
