le nenac,baseline
la gelam,baseline
l'ati,baseline
la gylremi,baseline
l'ulroum,baseline
l'ilrica,baseline
l'arféte,baseline
la begloli,baseline
le projet,activation
la valeur,activation
l'âge,activation
la précision,activation
l'instant,activation
l'affaire,activation
l'analyse,activation
la quantité,activation
la pormame,baseline
le ranlicf,baseline
la nélnebe,baseline
le toret,baseline
la kug,baseline
le nuptoté,baseline
la tunire,baseline
l'eilus,baseline
la sagesse,activation
le respect,activation
la période,activation
le pouvoir,activation
la fin,activation
le résultat,activation
la morale,activation
l'effet,activation
le disam,baseline
la bitminé,baseline
la nognom,baseline
l'ounaf,baseline
l'inclof,baseline
la mécima,baseline
la tanour,baseline
la nos,baseline
le savoir,activation
la volonté,activation
la question,activation
l'offre,activation
l'horreur,activation
la qualité,activation
la saveur,activation
la loi,activation
la gylremi,baseline
l'ilrica,baseline
le nenac,baseline
l'ati,baseline
la begloli,baseline
l'ulroum,baseline
la gelam,baseline
l'arféte,baseline
